Region,SiteID,Year,grp_6
Bristol Bay,accs_akbb-011,2015,1
Bristol Bay,accs_akbb-011,2016,2
Bristol Bay,accs_akbb-011,2017,1
Bristol Bay,accs_akbb-011,2018,2
Bristol Bay,accs_akbb-011,2019,3
Bristol Bay,accs_akbb-020,2016,4
Bristol Bay,accs_akbb-020,2017,4
Bristol Bay,accs_akbb-020,2018,3
Bristol Bay,accs_akbb-020,2019,5
Bristol Bay,accs_akbb-028,2015,3
Bristol Bay,accs_akbb-028,2016,2
Bristol Bay,accs_akbb-028,2017,2
Bristol Bay,accs_akbb-028,2018,1
Bristol Bay,accs_akbb-028,2019,3
Bristol Bay,accs_akbb-029,2015,3
Bristol Bay,accs_akbb-029,2016,2
Bristol Bay,accs_akbb-029,2017,2
Bristol Bay,accs_akbb-029,2018,2
Bristol Bay,accs_akbb-029,2019,4
Bristol Bay,accs_akbb-040,2016,2
Bristol Bay,accs_akbb-040,2017,3
Bristol Bay,accs_akbb-040,2018,1
Bristol Bay,accs_akbb-040,2019,3
Bristol Bay,accs_ilbig01,2018,1
Bristol Bay,accs_iltaz02,2016,2
Bristol Bay,accs_iltaz02,2017,4
Bristol Bay,accs_iltaz02,2018,1
Bristol Bay,accs_iltaz02,2019,4
Bristol Bay,accs_iltnr19,2013,3
Bristol Bay,accs_iltnr19,2014,3
Bristol Bay,accs_iltnr19,2015,3
Bristol Bay,accs_iltnr19,2016,2
Bristol Bay,accs_iltnr19,2017,2
Bristol Bay,accs_iltnr19,2018,3
Bristol Bay,accs_iltnr19,2019,3
Bristol Bay,accs_mubon10,2015,3
Bristol Bay,accs_mubon10,2016,1
Bristol Bay,accs_mubon10,2019,3
Bristol Bay,accs_muekm23,2013,3
Bristol Bay,accs_muekm23,2014,3
Bristol Bay,accs_muekm23,2015,3
Bristol Bay,accs_muekm23,2016,3
Bristol Bay,accs_muekm23,2017,3
Bristol Bay,accs_muekm23,2018,3
Bristol Bay,accs_muekm23,2019,3
Bristol Bay,accs_musfk01,2016,4
Bristol Bay,accs_musfk01,2017,3
Bristol Bay,accs_musfk01,2018,3
Bristol Bay,accs_musfk01,2019,3
Bristol Bay,accs_mussm15,2013,3
Bristol Bay,accs_mussm15,2014,3
Bristol Bay,accs_mussm15,2015,3
Bristol Bay,accs_mussm15,2016,4
Bristol Bay,accs_mussm15,2017,3
Bristol Bay,accs_mussm15,2018,3
Bristol Bay,accs_mussm15,2019,3
Bristol Bay,accs_mustu17,2015,3
Bristol Bay,accs_mustu17,2016,4
Bristol Bay,accs_mustu17,2017,3
Bristol Bay,accs_mustu17,2018,3
Bristol Bay,accs_mustu17,2019,4
Bristol Bay,accs_mutsk02,2013,3
Bristol Bay,accs_mutsk02,2014,3
Bristol Bay,accs_mutsk02,2015,3
Bristol Bay,accs_mutsk02,2016,3
Bristol Bay,accs_mutsk02,2017,3
Bristol Bay,accs_mutsk02,2018,3
Bristol Bay,accs_mutsk02,2019,3
Bristol Bay,accs_mutsk09,2013,3
Bristol Bay,accs_mutsk09,2014,3
Bristol Bay,accs_mutsk09,2015,3
Bristol Bay,accs_mutsk09,2016,3
Bristol Bay,accs_mutsk09,2017,3
Bristol Bay,accs_mutsk09,2018,3
Bristol Bay,accs_mutsk09,2019,3
Kodiak,kdk_ayarv01,2016,4
Kodiak,kdk_ayarv01,2017,4
Kodiak,kdk_ayarv01,2018,3
Kodiak,kdk_ayarv01,2020,4
Kodiak,kdk_busrv01,2016,4
Kodiak,kdk_busrv01,2017,2
Kodiak,kdk_busrv01,2018,2
Kodiak,kdk_doscr01,2015,4
Kodiak,kdk_doscr01,2016,2
Kodiak,kdk_doscr01,2017,3
Kodiak,kdk_doscr01,2018,3
Kodiak,kdk_doscr01,2019,4
Kodiak,kdk_doscr02,2015,4
Kodiak,kdk_doscr02,2017,3
Kodiak,kdk_doscr02,2018,3
Kodiak,kdk_doscr02,2019,4
Kodiak,kdk_karrv01,2015,4
Kodiak,kdk_karrv01,2016,4
Kodiak,kdk_karrv01,2017,4
Kodiak,kdk_karrv01,2018,4
Kodiak,kdk_karrv01,2019,5
Kodiak,kdk_karrv01,2020,3
Kodiak,kdk_olgcr01a,2016,4
Kodiak,kdk_olgcr01a,2017,4
Kodiak,kdk_olgcr01a,2019,5
Kodiak,kdk_olgcr01a,2020,4
Cook Inlet,apu10,2015,3
Cook Inlet,apu11,2015,3
Cook Inlet,apu12,2015,3
Cook Inlet,apu5,2015,3
Cook Inlet,ar2,2006,3
Cook Inlet,ar2,2007,3
Cook Inlet,cik1,2005,3
Cook Inlet,cik1,2006,3
Cook Inlet,cik1,2007,3
Cook Inlet,cik2,2005,3
Cook Inlet,cik3,2005,1
Cook Inlet,cik3,2006,1
Cook Inlet,cik3,2007,1
Cook Inlet,cik4,2005,4
Cook Inlet,cik4,2006,2
Cook Inlet,cik4,2007,1
Cook Inlet,cik6,2005,3
Cook Inlet,pj mid,2012,6
Cook Inlet,star 171 lower,2012,6
Cook Inlet,star 171 upper,2012,3
Bristol Bay,cik_ben courtney creek,2017,4
Bristol Bay,cik_big creek,2014,1
Bristol Bay,cik_big creek,2015,6
Bristol Bay,cik_copper river,2017,4
Bristol Bay,cik_copper river,2018,3
Bristol Bay,cik_gibraltar river,2017,2
Bristol Bay,cik_gibraltar river,2018,1
Bristol Bay,cik_napotoli creek,2014,1
Bristol Bay,cik_napotoli creek,2015,3
Bristol Bay,cik_napotoli creek,2016,2
Bristol Bay,cik_napotoli creek,2017,1
Bristol Bay,cik_napotoli creek,2018,2
Bristol Bay,cik_napotoli creek,2019,3
Bristol Bay,cik_neilson creek,2014,1
Bristol Bay,cik_neilson creek,2015,6
Bristol Bay,cik_panaruqak creek,2015,3
Bristol Bay,cik_panaruqak creek,2017,2
Bristol Bay,cik_roadhouse creek,2018,3
Bristol Bay,cik_silver salmon creek,2014,3
Bristol Bay,cik_silver salmon creek,2015,3
Bristol Bay,cik_silver salmon creek,2016,4
Bristol Bay,cik_silver salmon creek,2017,3
Bristol Bay,cik_silver salmon creek,2018,3
Bristol Bay,cik_sivanguq creek,2014,4
Bristol Bay,cik_sivanguq creek,2015,4
Bristol Bay,cik_sivanguq creek,2016,4
Bristol Bay,cik_sivanguq creek,2017,3
Bristol Bay,cik_squaw creek,2014,2
Bristol Bay,cik_squaw creek,2015,3
Bristol Bay,cik_tunravik creek,2014,2
Bristol Bay,cik_yellow creek,2015,4
Bristol Bay,cik_yellow creek,2016,4
Bristol Bay,cik_yellow creek,2017,2
Bristol Bay,cik_yellow creek,2018,3
Bristol Bay,cik_yellow creek,2019,5
Cook Inlet,cik_0,2009,6
Cook Inlet,cik_0,2010,6
Cook Inlet,cik_0,2011,6
Cook Inlet,cik_0,2012,6
Cook Inlet,cik_1,2008,2
Cook Inlet,cik_1,2009,2
Cook Inlet,cik_1,2010,1
Cook Inlet,cik_1,2011,1
Cook Inlet,cik_10,2008,1
Cook Inlet,cik_10,2009,2
Cook Inlet,cik_10,2010,2
Cook Inlet,cik_10,2011,2
Cook Inlet,cik_10,2012,3
Cook Inlet,cik_10,2019,4
Cook Inlet,cik_11,2008,2
Cook Inlet,cik_11,2009,3
Cook Inlet,cik_11,2010,2
Cook Inlet,cik_11,2011,2
Cook Inlet,cik_11,2012,3
Cook Inlet,cik_11,2014,4
Cook Inlet,cik_11,2015,3
Cook Inlet,cik_11,2019,4
Cook Inlet,cik_12,2008,1
Cook Inlet,cik_12,2009,2
Cook Inlet,cik_12,2010,2
Cook Inlet,cik_12,2011,2
Cook Inlet,cik_12,2012,3
Cook Inlet,cik_12,2014,2
Cook Inlet,cik_12,2015,3
Cook Inlet,cik_13,2008,3
Cook Inlet,cik_13,2009,4
Cook Inlet,cik_13,2010,4
Cook Inlet,cik_13,2011,4
Cook Inlet,cik_13,2014,4
Cook Inlet,cik_13,2015,5
Cook Inlet,cik_14,2004,4
Cook Inlet,cik_14,2005,4
Cook Inlet,cik_14,2006,3
Cook Inlet,cik_14,2007,3
Cook Inlet,cik_14,2008,3
Cook Inlet,cik_14,2009,3
Cook Inlet,cik_14,2010,2
Cook Inlet,cik_14,2011,3
Cook Inlet,cik_14,2012,3
Cook Inlet,cik_14,2013,3
Cook Inlet,cik_14,2014,3
Cook Inlet,cik_14,2015,3
Cook Inlet,cik_14,2016,4
Cook Inlet,cik_14,2017,3
Cook Inlet,cik_14,2018,3
Cook Inlet,cik_14,2019,5
Cook Inlet,cik_15,2004,4
Cook Inlet,cik_15,2005,4
Cook Inlet,cik_15,2006,3
Cook Inlet,cik_15,2007,4
Cook Inlet,cik_15,2008,1
Cook Inlet,cik_15,2009,3
Cook Inlet,cik_15,2011,3
Cook Inlet,cik_16,2009,1
Cook Inlet,cik_16,2010,1
Cook Inlet,cik_16,2011,1
Cook Inlet,cik_16,2012,1
Cook Inlet,cik_17,2008,2
Cook Inlet,cik_17,2009,4
Cook Inlet,cik_17,2010,4
Cook Inlet,cik_17,2011,4
Cook Inlet,cik_17,2012,3
Cook Inlet,cik_18,2009,4
Cook Inlet,cik_18,2010,1
Cook Inlet,cik_18,2011,4
Cook Inlet,cik_18,2012,1
Cook Inlet,cik_19,2009,2
Cook Inlet,cik_19,2010,1
Cook Inlet,cik_19,2011,1
Cook Inlet,cik_19,2012,1
Cook Inlet,cik_2,2008,1
Cook Inlet,cik_2,2009,1
Cook Inlet,cik_2,2010,1
Cook Inlet,cik_20,2008,1
Cook Inlet,cik_20,2009,3
Cook Inlet,cik_20,2010,1
Cook Inlet,cik_20,2011,3
Cook Inlet,cik_20,2012,3
Cook Inlet,cik_21,2008,1
Cook Inlet,cik_21,2009,2
Cook Inlet,cik_21,2010,1
Cook Inlet,cik_21,2011,1
Cook Inlet,cik_21,2012,2
Cook Inlet,cik_22,2009,1
Cook Inlet,cik_22,2010,1
Cook Inlet,cik_23,2008,1
Cook Inlet,cik_23,2009,2
Cook Inlet,cik_23,2010,1
Cook Inlet,cik_23,2011,1
Cook Inlet,cik_23,2012,1
Cook Inlet,cik_23,2014,2
Cook Inlet,cik_23,2015,3
Cook Inlet,cik_23,2019,3
Cook Inlet,cik_24,2009,3
Cook Inlet,cik_24,2010,4
Cook Inlet,cik_24,2011,4
Cook Inlet,cik_24,2012,3
Cook Inlet,cik_25,2008,2
Cook Inlet,cik_25,2010,3
Cook Inlet,cik_25,2012,3
Cook Inlet,cik_26,2009,5
Cook Inlet,cik_26,2010,3
Cook Inlet,cik_26,2011,4
Cook Inlet,cik_26,2012,3
Cook Inlet,cik_27,2008,3
Cook Inlet,cik_27,2009,4
Cook Inlet,cik_27,2010,3
Cook Inlet,cik_27,2011,4
Cook Inlet,cik_28,2009,5
Cook Inlet,cik_28,2010,3
Cook Inlet,cik_28,2014,4
Cook Inlet,cik_28,2016,5
Cook Inlet,cik_28,2017,4
Cook Inlet,cik_29,2008,4
Cook Inlet,cik_29,2009,4
Cook Inlet,cik_29,2010,4
Cook Inlet,cik_29,2012,3
Cook Inlet,cik_3,2008,2
Cook Inlet,cik_3,2009,2
Cook Inlet,cik_3,2010,2
Cook Inlet,cik_3,2011,2
Cook Inlet,cik_3,2013,2
Cook Inlet,cik_3,2014,2
Cook Inlet,cik_3,2015,2
Cook Inlet,cik_3,2016,4
Cook Inlet,cik_3,2017,1
Cook Inlet,cik_3,2018,4
Cook Inlet,cik_3,2019,4
Cook Inlet,cik_30,2008,2
Cook Inlet,cik_30,2009,3
Cook Inlet,cik_30,2010,2
Cook Inlet,cik_30,2011,2
Cook Inlet,cik_30,2012,1
Cook Inlet,cik_30,2013,3
Cook Inlet,cik_30,2014,2
Cook Inlet,cik_30,2015,3
Cook Inlet,cik_30,2016,3
Cook Inlet,cik_30,2017,2
Cook Inlet,cik_30,2018,1
Cook Inlet,cik_30,2019,5
Cook Inlet,cik_31,2008,4
Cook Inlet,cik_31,2009,4
Cook Inlet,cik_31,2010,4
Cook Inlet,cik_31,2011,4
Cook Inlet,cik_31,2012,3
Cook Inlet,cik_32,2009,5
Cook Inlet,cik_32,2010,3
Cook Inlet,cik_32,2011,4
Cook Inlet,cik_33,2008,2
Cook Inlet,cik_33,2009,3
Cook Inlet,cik_33,2010,2
Cook Inlet,cik_33,2011,2
Cook Inlet,cik_34,2009,3
Cook Inlet,cik_34,2011,1
Cook Inlet,cik_35,2008,2
Cook Inlet,cik_35,2009,2
Cook Inlet,cik_35,2010,2
Cook Inlet,cik_35,2011,2
Cook Inlet,cik_35,2012,2
Cook Inlet,cik_35,2013,2
Cook Inlet,cik_35,2014,2
Cook Inlet,cik_35,2015,2
Cook Inlet,cik_35,2016,2
Cook Inlet,cik_35,2017,2
Cook Inlet,cik_35,2018,2
Cook Inlet,cik_35,2019,2
Cook Inlet,cik_36,2008,2
Cook Inlet,cik_36,2009,3
Cook Inlet,cik_36,2010,3
Cook Inlet,cik_36,2011,2
Cook Inlet,cik_37,2008,2
Cook Inlet,cik_37,2009,1
Cook Inlet,cik_37,2010,1
Cook Inlet,cik_37,2011,1
Cook Inlet,cik_38,2008,4
Cook Inlet,cik_38,2009,4
Cook Inlet,cik_38,2011,4
Cook Inlet,cik_38,2012,4
Cook Inlet,cik_38,2013,5
Cook Inlet,cik_38,2014,4
Cook Inlet,cik_38,2015,5
Cook Inlet,cik_38,2016,4
Cook Inlet,cik_38,2017,4
Cook Inlet,cik_38,2018,4
Cook Inlet,cik_38,2019,5
Cook Inlet,cik_39,2008,2
Cook Inlet,cik_39,2009,3
Cook Inlet,cik_39,2010,2
Cook Inlet,cik_39,2011,3
Cook Inlet,cik_39,2012,3
Cook Inlet,cik_4,2008,2
Cook Inlet,cik_4,2009,2
Cook Inlet,cik_4,2010,2
Cook Inlet,cik_4,2012,1
Cook Inlet,cik_4,2013,2
Cook Inlet,cik_4,2014,2
Cook Inlet,cik_4,2015,3
Cook Inlet,cik_4,2016,3
Cook Inlet,cik_4,2017,2
Cook Inlet,cik_4,2018,2
Cook Inlet,cik_4,2019,4
Cook Inlet,cik_40,2008,3
Cook Inlet,cik_40,2009,5
Cook Inlet,cik_40,2010,3
Cook Inlet,cik_40,2011,3
Cook Inlet,cik_40,2012,3
Cook Inlet,cik_41,2008,1
Cook Inlet,cik_41,2009,3
Cook Inlet,cik_41,2010,1
Cook Inlet,cik_41,2012,1
Cook Inlet,cik_42,2009,5
Cook Inlet,cik_42,2010,3
Cook Inlet,cik_43,2008,1
Cook Inlet,cik_43,2009,3
Cook Inlet,cik_43,2011,3
Cook Inlet,cik_43,2012,3
Cook Inlet,cik_44,2009,4
Cook Inlet,cik_45,2011,3
Cook Inlet,cik_46,2010,2
Cook Inlet,cik_46,2011,2
Cook Inlet,cik_47,2009,3
Cook Inlet,cik_47,2010,1
Cook Inlet,cik_48,2011,1
Cook Inlet,cik_5,2008,1
Cook Inlet,cik_5,2009,3
Cook Inlet,cik_5,2010,2
Cook Inlet,cik_5,2011,2
Cook Inlet,cik_5,2012,3
Cook Inlet,cik_5,2014,4
Cook Inlet,cik_5,2015,3
Cook Inlet,cik_6,2003,4
Cook Inlet,cik_6,2004,4
Cook Inlet,cik_6,2005,4
Cook Inlet,cik_6,2006,2
Cook Inlet,cik_6,2007,3
Cook Inlet,cik_6,2008,2
Cook Inlet,cik_6,2009,3
Cook Inlet,cik_6,2010,2
Cook Inlet,cik_6,2011,3
Cook Inlet,cik_6,2013,4
Cook Inlet,cik_6,2014,3
Cook Inlet,cik_6,2015,3
Cook Inlet,cik_6,2016,4
Cook Inlet,cik_6,2017,3
Cook Inlet,cik_6,2018,3
Cook Inlet,cik_6,2019,5
Cook Inlet,cik_7,2008,4
Cook Inlet,cik_7,2009,4
Cook Inlet,cik_7,2010,4
Cook Inlet,cik_7,2011,4
Cook Inlet,cik_8,2004,4
Cook Inlet,cik_8,2005,4
Cook Inlet,cik_8,2006,2
Cook Inlet,cik_8,2007,3
Cook Inlet,cik_8,2008,3
Cook Inlet,cik_8,2009,3
Cook Inlet,cik_8,2010,2
Cook Inlet,cik_8,2011,2
Cook Inlet,cik_8,2012,3
Cook Inlet,cik_8,2013,4
Cook Inlet,cik_8,2014,3
Cook Inlet,cik_8,2015,3
Cook Inlet,cik_8,2016,4
Cook Inlet,cik_8,2017,2
Cook Inlet,cik_8,2018,3
Cook Inlet,cik_8,2019,5
Cook Inlet,cik_9,2008,2
Cook Inlet,cik_9,2009,2
Cook Inlet,cik_9,2010,2
Cook Inlet,cik_9,2011,2
Cook Inlet,cik_9,2012,3
Cook Inlet,cik_9,2014,2
Cook Inlet,cik_9,2015,3
Cook Inlet,cik_9,2019,4
Cook Inlet,deshka 1 downstream,2017,4
Cook Inlet,deshka 1 downstream,2018,5
Cook Inlet,deshka 1 downstream,2019,5
Cook Inlet,deshka 3 tributary,2017,4
Cook Inlet,deshka 3 tributary,2018,4
Cook Inlet,deshka 3 tributary,2019,5
Cook Inlet,deshka 4 tributary,2017,4
Cook Inlet,deshka 4 tributary,2018,4
Cook Inlet,deshka 4 tributary,2019,5
Cook Inlet,deshka 4 upstream,2017,4
Cook Inlet,deshka 4 upstream,2018,4
Cook Inlet,deshka 4 upstream,2019,5
Cook Inlet,kroto 1 tributary,2017,3
Cook Inlet,kroto 1 tributary,2018,3
Cook Inlet,kroto 1 tributary,2019,4
Cook Inlet,kroto 2 upstream,2017,4
Cook Inlet,kroto 2 upstream,2018,4
Cook Inlet,kroto 2 upstream,2019,5
Cook Inlet,kroto 3 tributary,2017,4
Cook Inlet,kroto 3 tributary,2018,3
Cook Inlet,kroto 3 tributary,2019,5
Cook Inlet,kroto 8 upstream,2017,4
Cook Inlet,kroto 8 upstream,2018,4
Cook Inlet,kroto 8 upstream,2019,5
Cook Inlet,moose 2 tributary,2017,2
Cook Inlet,moose 2 tributary,2018,3
Cook Inlet,moose 2 tributary,2019,4
Cook Inlet,moose 2 upstream,2017,4
Cook Inlet,moose 2 upstream,2018,3
Cook Inlet,moose 2 upstream,2019,5
Cook Inlet,moose 8 tributary,2017,4
Cook Inlet,moose 8 tributary,2018,4
Cook Inlet,moose 8 tributary,2019,5
Cook Inlet,moose 8 upstream,2017,4
Cook Inlet,moose 8 upstream,2018,4
Cook Inlet,moose 8 upstream,2019,5
Bristol Bay,fws_580223156504200,2015,2
Bristol Bay,fws_580223156504200,2016,1
Bristol Bay,fws_580223156504200,2017,1
Bristol Bay,fws_580223156504200,2018,2
Bristol Bay,fws_gelo,2003,4
Bristol Bay,fws_gelo,2004,5
Bristol Bay,fws_gelo,2005,4
Bristol Bay,fws_gelo,2006,3
Bristol Bay,fws_gelo,2007,4
Bristol Bay,fws_gelo,2008,3
Bristol Bay,fws_gelo,2009,3
Bristol Bay,fws_gelo,2011,1
Bristol Bay,fws_gelo,2012,1
Bristol Bay,fws_gelo,2013,3
Bristol Bay,fws_kulr,2002,3
Bristol Bay,fws_kulr,2003,3
Bristol Bay,fws_kulr,2006,3
Bristol Bay,fws_kulr,2007,1
Bristol Bay,fws_kulr,2008,3
Bristol Bay,fws_kulr,2011,1
Bristol Bay,fws_kulr,2012,1
Bristol Bay,fws_kulr,2013,3
Bristol Bay,fws_kulr,2014,3
Bristol Bay,fws_kulr,2015,2
Bristol Bay,fws_kulr,2016,2
Bristol Bay,fws_kulr,2017,3
Bristol Bay,fws_kulr,2018,2
Bristol Bay,fws_malr,2003,3
Bristol Bay,fws_malr,2006,3
Bristol Bay,fws_nclo,2003,4
Bristol Bay,fws_nclo,2004,5
Bristol Bay,fws_nclo,2005,4
Bristol Bay,fws_nclo,2006,4
Bristol Bay,fws_nclo,2007,4
Bristol Bay,fws_nclo,2008,3
Bristol Bay,fws_nclo,2009,3
Bristol Bay,fws_nclo,2010,2
Bristol Bay,fws_nclo,2011,1
Bristol Bay,fws_nclo,2012,2
Bristol Bay,fws_nclo,2013,3
Bristol Bay,fws_nclo,2014,4
Bristol Bay,fws_nclo,2015,4
Bristol Bay,fws_nclo,2016,4
Bristol Bay,fws_nclo,2017,4
Bristol Bay,fws_nclo,2018,2
Bristol Bay,fws_nclo,2019,5
Bristol Bay,fws_newhalen river,2009,1
Bristol Bay,fws_newhalen river,2010,1
Bristol Bay,fws_newhalen river,2011,1
Bristol Bay,fws_newhalen river,2012,1
Bristol Bay,fws_newhalen river,2013,1
Bristol Bay,fws_newhalen river,2014,1
Bristol Bay,fws_newhalen river,2015,1
Bristol Bay,fws_newhalen river,2016,1
Bristol Bay,fws_newhalen river,2017,2
Bristol Bay,fws_newhalen river,2018,1
Bristol Bay,fws_oslr,2002,3
Bristol Bay,fws_oslr,2003,3
Bristol Bay,fws_oslr,2005,4
Bristol Bay,fws_oslr2,2010,1
Bristol Bay,fws_oslr2,2011,1
Bristol Bay,fws_oslr2,2012,3
Bristol Bay,fws_oslr2,2013,3
Bristol Bay,fws_oslr2,2017,3
Bristol Bay,fws_oslr2,2018,2
Bristol Bay,fws_pulo,2003,4
Bristol Bay,fws_pulo,2004,4
Bristol Bay,fws_pulo,2005,4
Bristol Bay,fws_pulo,2006,3
Bristol Bay,fws_pulo,2007,4
Bristol Bay,fws_pulo,2008,4
Bristol Bay,fws_pulo,2009,3
Bristol Bay,fws_pulo,2012,1
Bristol Bay,fws_pulo,2014,4
Bristol Bay,fws_pulo,2015,4
Bristol Bay,fws_pulo,2016,4
Bristol Bay,fws_pulo,2017,4
Bristol Bay,fws_pulo,2018,2
Bristol Bay,fws_pulo,2019,5
Bristol Bay,fws_pulr,2003,3
Bristol Bay,fws_pulr,2004,3
Bristol Bay,fws_pulr,2005,4
Bristol Bay,fws_pulr,2008,3
Bristol Bay,fws_pulr,2009,2
Bristol Bay,fws_pulr,2010,1
Bristol Bay,fws_pulr,2011,1
Bristol Bay,fws_pulr,2012,2
Bristol Bay,fws_pulr,2013,3
Bristol Bay,fws_pulr,2014,3
Bristol Bay,fws_pulr,2015,3
Bristol Bay,fws_pulr,2019,3
Bristol Bay,fws_sllr,2005,3
Bristol Bay,fws_sllr,2006,3
Bristol Bay,fws_sllr,2007,3
Bristol Bay,fws_sllr,2008,3
Bristol Bay,fws_sllr,2011,1
Bristol Bay,fws_sllr,2014,3
Bristol Bay,fws_sllr,2015,3
Bristol Bay,fws_sllr,2016,4
Bristol Bay,fws_sllr,2017,3
Bristol Bay,fws_sllr,2018,3
Bristol Bay,fws_tolo,2003,3
Bristol Bay,fws_tolo,2004,3
Bristol Bay,fws_tolo,2005,3
Bristol Bay,fws_tolo,2006,3
Bristol Bay,fws_tolo,2010,1
Bristol Bay,fws_tolo,2011,1
Bristol Bay,fws_tolo,2012,1
Bristol Bay,fws_tolo,2013,3
Bristol Bay,fws_tolo,2014,3
Bristol Bay,fws_tolo,2015,3
Bristol Bay,fws_tolo,2016,3
Bristol Bay,fws_tolo,2017,3
Bristol Bay,fws_tolo,2018,1
Bristol Bay,fws_tolr,2003,1
Bristol Bay,fws_tolr,2004,3
Bristol Bay,fws_tolr,2005,1
Bristol Bay,fws_tolr,2006,1
Bristol Bay,fws_tolr,2007,1
Bristol Bay,fws_tolr,2010,2
Bristol Bay,fws_tolr,2011,1
Bristol Bay,fws_tolr,2012,1
Bristol Bay,fws_tolr,2013,3
Bristol Bay,fws_tolr,2014,2
Bristol Bay,fws_tolr,2015,1
Bristol Bay,fws_tolr,2016,2
Bristol Bay,fws_welr,2003,3
Bristol Bay,fws_welr,2004,3
Bristol Bay,fws_welr,2005,1
Bristol Bay,fws_welr,2006,1
Bristol Bay,fws_welr,2007,1
Bristol Bay,fws_welr,2008,1
Bristol Bay,fws_welr,2009,3
Bristol Bay,fws_welr,2010,1
Bristol Bay,fws_welr2,2012,1
Bristol Bay,fws_welr2,2013,3
Bristol Bay,fws_welr2,2014,3
Bristol Bay,fws_welr2,2015,3
Bristol Bay,fws_welr2,2016,4
Bristol Bay,fws_welr2,2017,3
Kodiak,571005154134600,2005,4
Kodiak,571005154134600,2006,4
Kodiak,571221154040300,2005,3
Kodiak,571343154244900,2006,3
Kodiak,572656154082400,2005,4
Kodiak,572656154082400,2006,3
Kodiak,fws_kdk_aforv01,2009,4
Kodiak,fws_kdk_aforv01,2010,4
Kodiak,fws_kdk_aforv01,2011,4
Kodiak,fws_kdk_aforv01,2012,4
Kodiak,fws_kdk_aforv01,2013,5
Kodiak,fws_kdk_aforv01,2014,4
Kodiak,fws_kdk_aforv01,2016,4
Kodiak,fws_kdk_aforv01,2017,4
Kodiak,fws_kdk_aforv01,2018,4
Kodiak,fws_kdk_busrv01,2009,3
Kodiak,fws_kdk_busrv01,2012,1
Kodiak,fws_kdk_busrv01,2014,3
Kodiak,fws_kdk_busrv01,2015,3
Kodiak,fws_kdk_busrv01,2016,4
Kodiak,fws_kdk_busrv01,2017,2
Copper,fws_long lake creek,2009,4
Copper,fws_long lake creek,2010,4
Copper,fws_long lake creek,2011,4
Copper,fws_long lake creek,2012,4
Copper,fws_long lake creek,2013,5
Copper,fws_long lake creek,2014,4
Copper,fws_long lake creek,2015,5
Copper,fws_long lake creek,2016,5
Copper,fws_long lake creek,2017,5
Copper,fws_long lake creek,2018,5
Copper,fws_tanada creek,2009,3
Copper,fws_tanada creek,2010,2
Copper,fws_tanada creek,2013,3
Copper,fws_tanada creek,2014,3
Copper,fws_tanada creek,2015,3
Copper,fws_tanada creek,2016,3
Copper,fws_tanada creek,2017,4
Copper,fws_tanada creek,2019,5
Kodiak,kdk_akacr01,2016,4
Kodiak,kdk_akacr01,2017,4
Kodiak,kdk_akacr02,2018,4
Kodiak,kdk_ayarv03,2015,3
Kodiak,kdk_ayarv03,2016,4
Kodiak,kdk_ayarv03,2017,2
Kodiak,kdk_ayarv03,2018,2
Kodiak,kdk_cancr01,2015,3
Kodiak,kdk_cancr01,2016,1
Kodiak,kdk_cancr01,2017,1
Kodiak,kdk_cancr02,2018,1
Kodiak,kdk_cascr01,2015,2
Kodiak,kdk_cascr01,2016,1
Kodiak,kdk_cascr01,2017,1
Kodiak,kdk_cascr01,2018,1
Kodiak,kdk_cascr01,2019,1
Kodiak,kdk_concr01,2015,3
Kodiak,kdk_concr01,2016,3
Kodiak,kdk_concr01,2017,3
Kodiak,kdk_concr01,2018,3
Kodiak,kdk_concr01,2019,3
Kodiak,kdk_eftrv01,2015,2
Kodiak,kdk_eftrv01,2016,1
Kodiak,kdk_eftrv01,2017,1
Kodiak,kdk_eftrv01,2018,1
Kodiak,kdk_falcr01,2015,3
Kodiak,kdk_falcr01,2017,1
Kodiak,kdk_meacr01,2015,6
Kodiak,kdk_meacr01,2016,1
Kodiak,kdk_omarv01,2015,4
Kodiak,kdk_omarv01,2016,2
Kodiak,kdk_pincr01,2015,3
Kodiak,kdk_pincr01,2016,3
Kodiak,kdk_pincr01,2017,3
Kodiak,kdk_pincr02,2018,3
Kodiak,kdk_relrv01,2015,4
Kodiak,kdk_relrv01,2016,4
Kodiak,kdk_relrv01,2017,4
Kodiak,kdk_relrv01,2018,3
Kodiak,kdk_soucr01,2015,3
Kodiak,kdk_soucr01,2017,3
Kodiak,kdk_soucr01,2018,3
Cook Inlet,bm1,2015,3
Cook Inlet,bm1,2016,2
Cook Inlet,bm10,2015,4
Cook Inlet,bm10,2016,4
Cook Inlet,bm11,2016,4
Cook Inlet,bm12,2016,4
Cook Inlet,bm13,2015,4
Cook Inlet,bm14,2016,1
Cook Inlet,bm2,2015,3
Cook Inlet,bm2,2016,2
Cook Inlet,bm3,2015,3
Cook Inlet,bm6,2015,2
Cook Inlet,bm7,2016,1
Cook Inlet,bm8,2015,2
Cook Inlet,bm8,2016,1
Cook Inlet,bm9,2015,4
Cook Inlet,bm9,2016,4
Cook Inlet,kwf1,2015,3
Cook Inlet,kwf1,2016,2
Cook Inlet,kwf2,2015,2
Cook Inlet,kwf2,2016,1
Cook Inlet,kwf3,2016,2
Kodiak,kdk_bigcr01,2016,1
Kodiak,kdk_bigcr01,2018,1
Kodiak,kdk_karrv02,2016,4
Kodiak,kdk_karrv02,2017,4
Kodiak,kdk_karrv02,2018,4
Cook Inlet,lsarc,2016,1
Cook Inlet,lsarc,2020,1
Cook Inlet,lscoa,2020,1
Cook Inlet,lscoh,2016,2
Cook Inlet,lscoh,2020,2
Cook Inlet,lsgov,2020,1
Cook Inlet,lslak,2016,4
Cook Inlet,lslak,2020,4
Cook Inlet,lslak7,2016,5
Cook Inlet,lslil10,2016,2
Cook Inlet,lslil10,2020,2
Cook Inlet,lsmoo1,2020,1
Cook Inlet,lsnlt10,2020,2
Cook Inlet,lspap,2016,4
Cook Inlet,lspap,2020,4
Cook Inlet,lsr100,2020,1
Cook Inlet,lsr103,2016,1
Cook Inlet,lsr106,2020,1
Cook Inlet,lsr112,2020,1
Cook Inlet,lsr112.2,2016,1
Cook Inlet,lsr112.4,2016,1
Cook Inlet,lsr112.4,2020,1
Cook Inlet,lsr28,2016,4
Cook Inlet,lsr28.3,2020,1
Cook Inlet,lsr33,2020,1
Cook Inlet,lsr33.1,2016,4
Cook Inlet,lsr33.8,2016,4
Cook Inlet,lsr47,2020,1
Cook Inlet,lsr48.1,2016,3
Cook Inlet,lsr48.3,2016,2
Cook Inlet,lsr59,2020,1
Cook Inlet,lsr63.1,2016,2
Cook Inlet,lsr63.4,2016,2
Cook Inlet,lsr67,2020,2
Cook Inlet,lsr73,2016,2
Cook Inlet,lsr73.1,2016,2
Cook Inlet,lsr73.2,2020,1
Cook Inlet,lsr87,2016,1
Cook Inlet,lsr89,2020,1
Cook Inlet,lsr93,2020,1
Cook Inlet,lsswi1,2020,1
Cook Inlet,lstrb33,2016,4
Cook Inlet,lstrb33,2020,4
Cook Inlet,lstrb36,2020,2
Cook Inlet,lstrb88,2020,3
Cook Inlet,lstrb97,2020,1
Bristol Bay,nps_katm_idavc_stream_water,2017,4
Bristol Bay,nps_katm_idavc_stream_water,2018,3
Bristol Bay,nps_katm_idavc_stream_water,2019,5
Bristol Bay,nps_katm_idavc_stream_water,2020,4
Bristol Bay,nps_katm_lbrooo,2006,3
Bristol Bay,nps_katm_lbrooo,2007,3
Bristol Bay,nps_katm_lbrooo,2008,3
Bristol Bay,nps_katm_lbrooo,2012,1
Bristol Bay,nps_katm_lbrooo,2013,3
Bristol Bay,nps_katm_lbrooo,2018,2
Bristol Bay,nps_katm_margc_stream_water,2015,3
Bristol Bay,nps_katm_margc_stream_water,2017,3
Bristol Bay,nps_katm_margc_stream_water,2019,3
Bristol Bay,nps_katm_margc_stream_water,2020,3
Bristol Bay,nps_katm_naknlo,2006,4
Bristol Bay,nps_katm_naknlo,2007,4
Bristol Bay,nps_katm_naknlo,2009,4
Bristol Bay,nps_katm_naknlo,2010,3
Bristol Bay,nps_katm_naknlo,2011,2
Bristol Bay,nps_katm_savor_stream_water,2018,2
Bristol Bay,nps_katm_savor_stream_water,2019,2
Bristol Bay,nps_katm_upatc_stream_water,2015,3
Bristol Bay,nps_katm_upatc_stream_water,2016,2
Bristol Bay,nps_katm_upatc_stream_water,2017,2
Bristol Bay,nps_katm_upatc_stream_water,2018,2
Bristol Bay,nps_katm_upatc_stream_water,2019,3
Bristol Bay,nps_katm_upatc_stream_water,2020,2
Bristol Bay,nps_lacl_kijilo,2016,4
Bristol Bay,nps_lacl_tazir_stream_water,2015,4
Bristol Bay,nps_lacl_tazir_stream_water,2018,1
Bristol Bay,nps_lacl_tazir_stream_water,2019,4
Bristol Bay,nps_lacl_tazir_stream_water,2020,3
Bristol Bay,nps_lacl_tlikr_stream_water,2015,1
Bristol Bay,nps_lacl_tlikr_stream_water,2016,1
Bristol Bay,nps_lacl_tlikr_stream_water,2017,6
Bristol Bay,nps_chulitna_siteb,2008,1
Bristol Bay,nps_chulitna_siteb,2010,2
Bristol Bay,nps_chulitna_siteb,2011,2
Bristol Bay,nps_hardenburg_bay,2007,4
Bristol Bay,nps_hardenburg_bay,2008,1
Bristol Bay,nps_hardenburg_bay,2010,1
Bristol Bay,nps_hardenburg_bay,2011,1
Bristol Bay,nps_hardenburg_bay,2012,1
Bristol Bay,nps_hardenburg_bay,2013,3
Bristol Bay,nps_hardenburg_bay,2014,2
Bristol Bay,nps_hardenburg_bay,2015,4
Bristol Bay,nps_hardenburg_bay,2016,2
Bristol Bay,nps_little_kijik_river_dan,2001,4
Bristol Bay,nps_little_kijik_river_dan,2002,3
Bristol Bay,nps_little_kijik_river_dan,2003,4
Bristol Bay,nps_little_kijik_river_dan,2004,3
Bristol Bay,nps_newhalen_river,2008,1
Bristol Bay,nps_newhalen_river,2009,1
Bristol Bay,nps_newhalen_river,2010,1
Bristol Bay,nps_newhalen_river,2014,1
Bristol Bay,nps_newhalen_river,2016,1
Bristol Bay,nps_six_mile_outlet,2007,1
Bristol Bay,nps_six_mile_outlet,2008,1
Copper,nps_caribou creek,2008,1
Copper,nps_caribou creek,2009,3
Copper,nps_caribou creek,2010,1
Copper,nps_caribou creek,2011,1
Copper,nps_caribou creek,2012,1
Copper,nps_crystal creek,2011,4
Copper,nps_crystal creek,2012,1
Copper,nps_crystal creek,2013,3
Copper,nps_crystal creek,2014,2
Copper,nps_gilahina river,2008,1
Copper,nps_gilahina river,2011,1
Copper,nps_gilahina river,2012,1
Copper,nps_gilahina river,2013,1
Copper,nps_gilahina river,2014,1
Copper,nps_gilahina river,2015,1
Copper,nps_gilahina river,2016,1
Copper,nps_gilahina river,2017,1
Copper,nps_gilahina river,2018,1
Copper,nps_gilahina river,2019,3
Copper,nps_lakina river,2008,6
Copper,nps_long lake creek,2008,4
Copper,nps_long lake creek,2011,4
Copper,nps_long lake creek,2012,4
Copper,nps_long lake creek,2013,5
Copper,nps_long lake creek,2014,4
Copper,nps_rock creek wrst,2010,6
Copper,nps_rock creek wrst,2011,6
Copper,nps_rock creek wrst,2012,1
Copper,nps_rock creek wrst,2018,1
Copper,nps_rock creek wrst,2020,1
Copper,nps_rufus creek,2009,6
Copper,nps_rufus creek,2010,6
Copper,nps_rufus creek,2011,6
Copper,nps_rufus creek,2012,6
Copper,nps_rufus creek,2014,6
Copper,nps_rufus creek,2015,6
Copper,nps_rufus creek,2016,6
Copper,nps_rufus creek,2017,6
Copper,nps_rufus creek,2018,1
Copper,nps_rufus creek,2019,6
Copper,nps_rufus creek,2020,6
Prince William Sound,nv_eyak_hartney creek,2016,1
Prince William Sound,nv_eyak_hartney creek,2017,1
Prince William Sound,nv_eyak_hartney creek,2020,1
Prince William Sound,nv_eyak_heney creek,2017,1
Prince William Sound,nv_eyak_heney creek,2018,1
Prince William Sound,nv_eyak_heney creek,2020,1
Prince William Sound,pwscc_erb,2016,2
Prince William Sound,pwscc_erb,2017,1
Prince William Sound,pwscc_erb,2018,1
Prince William Sound,pwscc_gilmour,2016,4
Prince William Sound,pwscc_gilmour,2019,4
Prince William Sound,pwscc_hogan,2018,1
Prince William Sound,pwscc_hogan,2019,1
Prince William Sound,pwscc_stockdale,2016,2
Prince William Sound,pwscc_stockdale,2017,1
Prince William Sound,pwscc_stockdale,2018,2
Prince William Sound,pwscc_stockdale,2019,2
Copper,usfs_18 mile,2019,4
Copper,usfs_18 mile middle fork,2013,3
Copper,usfs_18 mile middle fork,2014,3
Copper,usfs_18 mile middle fork,2017,4
Copper,usfs_18 mile middle fork,2018,2
Copper,usfs_18 mile west fork,2013,3
Copper,usfs_18 mile west fork,2017,1
Copper,usfs_24.9 mile creek,2013,2
Copper,usfs_24.9 mile creek,2014,2
Copper,usfs_24.9 mile creek,2016,2
Copper,usfs_24.9 mile creek,2017,1
Copper,usfs_24.9 mile creek,2018,2
Copper,usfs_25 mile,2011,6
Copper,usfs_25 mile,2012,1
Copper,usfs_25 mile,2014,1
Copper,usfs_25 mile,2015,1
Copper,usfs_25 mile,2016,1
Copper,usfs_25 mile,2017,1
Copper,usfs_25 mile,2018,1
Copper,usfs_25 mile,2019,1
Cook Inlet,usfs_bench creek,2014,1
Cook Inlet,usfs_bench creek,2015,1
Cook Inlet,usfs_bench creek,2016,1
Cook Inlet,usfs_bench creek,2018,1
Cook Inlet,usfs_bench creek,2019,1
Cook Inlet,usfs_bench creek,2020,1
Copper,usfs_blackhole creek,2014,1
Copper,usfs_blackhole creek,2015,1
Copper,usfs_blackhole creek,2016,2
Copper,usfs_blackhole creek,2017,1
Copper,usfs_blackhole creek,2018,1
Copper,usfs_blackhole creek,2019,2
Copper,usfs_cabin lake outlet,2012,3
Copper,usfs_cabin lake outlet,2013,4
Copper,usfs_cabin lake outlet,2014,4
Copper,usfs_cabin lake outlet,2015,4
Copper,usfs_cabin lake outlet,2016,4
Copper,usfs_cabin lake outlet,2017,4
Copper,usfs_cabin lake outlet,2018,3
Copper,usfs_cabin lake outlet,2019,5
Cook Inlet,usfs_center creek,2015,1
Cook Inlet,usfs_center creek,2016,1
Cook Inlet,usfs_center creek,2017,1
Cook Inlet,usfs_center creek,2018,1
Cook Inlet,usfs_center creek,2019,1
Cook Inlet,usfs_center creek,2020,1
Cook Inlet,usfs_chickaloon headwaters,2014,4
Cook Inlet,usfs_chickaloon headwaters,2016,4
Cook Inlet,usfs_chickaloon headwaters,2017,4
Cook Inlet,usfs_crescent creek,2014,1
Cook Inlet,usfs_crescent creek,2015,1
Cook Inlet,usfs_crescent creek,2016,2
Cook Inlet,usfs_crescent creek,2017,1
Cook Inlet,usfs_crescent creek,2018,1
Cook Inlet,usfs_daves creek,2014,3
Cook Inlet,usfs_daves creek,2015,2
Cook Inlet,usfs_daves creek,2016,2
Cook Inlet,usfs_daves creek,2017,1
Cook Inlet,usfs_daves creek,2018,2
Cook Inlet,usfs_daves creek,2019,2
Cook Inlet,usfs_daves creek,2020,2
Prince William Sound,usfs_eagle creek,2014,2
Prince William Sound,usfs_eagle creek,2015,4
Prince William Sound,usfs_eagle creek,2016,4
Prince William Sound,usfs_eagle creek,2017,2
Prince William Sound,usfs_eagle creek,2018,2
Prince William Sound,usfs_eagle creek,2019,4
Prince William Sound,usfs_hell's hole trib,2013,2
Prince William Sound,usfs_hell's hole trib,2014,2
Prince William Sound,usfs_hell's hole trib,2015,1
Prince William Sound,usfs_hell's hole trib,2016,2
Prince William Sound,usfs_hell's hole trib,2017,2
Prince William Sound,usfs_hell's hole trib,2018,2
Prince William Sound,usfs_hell's hole trib,2019,2
Copper,usfs_hook point,2014,2
Copper,usfs_hook point,2015,2
Copper,usfs_hook point,2016,2
Copper,usfs_hook point,2017,1
Copper,usfs_hook point,2018,2
Copper,usfs_hook point,2019,2
Copper,usfs_ibeck creek-low,2016,3
Copper,usfs_ibeck creek-low,2017,3
Copper,usfs_ibeck creek-low,2018,2
Copper,usfs_ibeck creek-low,2019,2
Prince William Sound,usfs_jackpot river,2014,3
Prince William Sound,usfs_jackpot river,2015,4
Prince William Sound,usfs_jackpot river,2016,4
Prince William Sound,usfs_jackpot river,2017,3
Cook Inlet,usfs_juneau creek,2014,1
Cook Inlet,usfs_juneau creek,2015,2
Cook Inlet,usfs_juneau creek,2016,2
Cook Inlet,usfs_juneau creek,2017,1
Cook Inlet,usfs_juneau creek,2018,1
Prince William Sound,usfs_koppen creek,2013,1
Prince William Sound,usfs_koppen creek,2014,2
Prince William Sound,usfs_koppen creek,2015,2
Prince William Sound,usfs_koppen creek,2016,2
Prince William Sound,usfs_koppen creek,2017,1
Prince William Sound,usfs_koppen creek,2018,2
Prince William Sound,usfs_koppen creek,2019,1
Copper,usfs_little martin river,2011,3
Copper,usfs_little martin river,2012,3
Copper,usfs_little martin river,2013,5
Copper,usfs_little martin river,2014,4
Copper,usfs_little martin river,2016,4
Copper,usfs_little martin river,2017,4
Copper,usfs_little martin river,2018,3
Copper,usfs_little martin river,2019,4
Copper,usfs_martin lake- inlet,2011,1
Copper,usfs_martin lake- inlet,2012,1
Copper,usfs_martin lake- inlet,2013,1
Copper,usfs_martin lake- inlet,2014,1
Copper,usfs_martin lake- inlet,2016,2
Copper,usfs_martin lake- inlet,2017,1
Copper,usfs_martin lake- inlet,2018,2
Copper,usfs_martin lake- inlet,2019,3
Copper,usfs_middle arm eyak,2012,1
Copper,usfs_middle arm eyak,2014,1
Copper,usfs_middle arm eyak,2015,1
Copper,usfs_middle arm eyak,2016,1
Copper,usfs_middle arm eyak,2017,1
Copper,usfs_middle arm eyak,2018,1
Prince William Sound,usfs_olsen creek,2013,1
Prince William Sound,usfs_olsen creek,2014,1
Prince William Sound,usfs_olsen creek,2015,1
Prince William Sound,usfs_olsen creek,2016,2
Prince William Sound,usfs_olsen creek,2017,1
Prince William Sound,usfs_olsen creek,2018,1
Prince William Sound,usfs_pigot bay spawn channel,2014,6
Prince William Sound,usfs_pigot bay spawn channel,2015,1
Prince William Sound,usfs_pigot bay spawn channel,2016,1
Prince William Sound,usfs_pigot bay spawn channel,2017,1
Copper,usfs_power creek,2010,1
Copper,usfs_power creek,2011,1
Copper,usfs_power creek,2012,1
Copper,usfs_power creek,2013,1
Copper,usfs_power creek,2015,6
Copper,usfs_power creek,2016,6
Copper,usfs_power creek,2017,1
Copper,usfs_power creek,2018,1
Copper,usfs_power creek,2019,1
Cook Inlet,usfs_quartz creek,2014,1
Cook Inlet,usfs_quartz creek,2015,1
Cook Inlet,usfs_quartz creek,2016,1
Cook Inlet,usfs_quartz creek,2017,1
Cook Inlet,usfs_quartz creek,2018,1
Cook Inlet,usfs_quartz creek,2019,1
Cook Inlet,usfs_quartz creek,2020,1
Cook Inlet,usfs_resurrection creek,2014,1
Cook Inlet,usfs_resurrection creek,2015,1
Cook Inlet,usfs_resurrection creek,2016,1
Cook Inlet,usfs_resurrection creek,2017,1
Cook Inlet,usfs_resurrection creek,2018,1
Prince William Sound,usfs_rude river sc,2014,1
Prince William Sound,usfs_rude river sc,2015,1
Prince William Sound,usfs_rude river sc,2017,1
Prince William Sound,usfs_rude river sc,2018,1
Copper,usfs_salmon creek,2011,1
Copper,usfs_salmon creek,2012,1
Copper,usfs_salmon creek,2013,1
Copper,usfs_salmon creek,2014,1
Copper,usfs_salmon creek,2015,1
Copper,usfs_salmon creek,2016,1
Copper,usfs_salmon creek,2017,1
Copper,usfs_salmon creek,2018,1
Copper,usfs_salmon creek,2019,1
Prince William Sound,usfs_sheep river,2013,1
Prince William Sound,usfs_sheep river,2014,1
Prince William Sound,usfs_sheep river,2015,1
Prince William Sound,usfs_sheep river,2016,2
Prince William Sound,usfs_sheep river,2017,1
Prince William Sound,usfs_sheep river,2018,1
Prince William Sound,usfs_sheep river,2019,1
Prince William Sound,usfs_shelter bay trib,2013,1
Prince William Sound,usfs_shelter bay trib,2014,1
Prince William Sound,usfs_shelter bay trib,2015,1
Prince William Sound,usfs_shelter bay trib,2016,1
Prince William Sound,usfs_shelter bay trib,2017,1
Prince William Sound,usfs_shelter bay trib,2018,1
Prince William Sound,usfs_solf lake fish pass,2012,3
Prince William Sound,usfs_solf lake fish pass,2013,3
Prince William Sound,usfs_solf lake fish pass,2014,2
Prince William Sound,usfs_solf lake fish pass,2015,4
Prince William Sound,usfs_solf lake fish pass,2016,4
Prince William Sound,usfs_solf lake fish pass,2017,3
Prince William Sound,usfs_solf lake fish pass,2018,3
Prince William Sound,usfs_stump lake outlet,2014,4
Prince William Sound,usfs_stump lake outlet,2015,5
Prince William Sound,usfs_stump lake outlet,2016,5
Prince William Sound,usfs_stump lake outlet,2017,4
Prince William Sound,usfs_stump lake outlet,2018,4
Copper,usgs_15200280,2016,4
Copper,usgs_15200280,2018,3
Copper,usgs_15200280,2019,5
Copper,usgs_15200280,2020,4
Copper,usgs_15209700,2020,6
Copper,usgs_15215900,2013,1
Copper,usgs_15215900,2014,1
Copper,usgs_15215900,2015,1
Copper,usgs_15215900,2016,1
Copper,usgs_15215900,2017,1
Copper,usgs_15215900,2018,1
Copper,usgs_15215900,2019,1
Copper,usgs_15215900,2020,1
Prince William Sound,usgs_15236900,2016,6
Prince William Sound,usgs_15236900,2017,6
Prince William Sound,usgs_15236900,2018,6
Prince William Sound,usgs_15236900,2019,6
Prince William Sound,usgs_15236900,2020,6
Prince William Sound,usgs_15237030,2020,3
Prince William Sound,usgs_15238450,2020,6
Cook Inlet,usgs_15238984,2013,1
Cook Inlet,usgs_15238986,2011,1
Cook Inlet,usgs_15238986,2018,1
Cook Inlet,usgs_15238986,2019,6
Cook Inlet,usgs_15238986,2020,1
Cook Inlet,usgs_15239070,1987,1
Cook Inlet,usgs_15239070,1988,1
Cook Inlet,usgs_15239070,1989,1
Cook Inlet,usgs_15239070,1990,1
Cook Inlet,usgs_15239070,1991,1
Cook Inlet,usgs_15239070,1992,1
Cook Inlet,usgs_15239070,1993,1
Cook Inlet,usgs_15239070,1994,1
Cook Inlet,usgs_15239070,1995,1
Cook Inlet,usgs_15239070,1996,1
Cook Inlet,usgs_15239070,1997,1
Cook Inlet,usgs_15239070,1998,1
Cook Inlet,usgs_15239070,1999,1
Cook Inlet,usgs_15239070,2011,1
Cook Inlet,usgs_15239070,2012,1
Cook Inlet,usgs_15239070,2013,1
Cook Inlet,usgs_15239070,2014,1
Cook Inlet,usgs_15239070,2015,1
Cook Inlet,usgs_15239070,2016,1
Cook Inlet,usgs_15239070,2017,1
Cook Inlet,usgs_15239070,2018,1
Cook Inlet,usgs_15239070,2019,1
Cook Inlet,usgs_15239070,2020,1
Cook Inlet,usgs_15241600,1999,3
Cook Inlet,usgs_15241600,2000,3
Cook Inlet,usgs_15241600,2001,3
Cook Inlet,usgs_15241600,2002,3
Cook Inlet,usgs_15258000,2003,1
Cook Inlet,usgs_15258000,2005,1
Cook Inlet,usgs_15258000,2006,2
Cook Inlet,usgs_15258000,2007,1
Cook Inlet,usgs_15258000,2008,1
Cook Inlet,usgs_15258000,2009,3
Cook Inlet,usgs_15258000,2010,1
Cook Inlet,usgs_15258000,2011,1
Cook Inlet,usgs_15258000,2012,1
Cook Inlet,usgs_15258000,2013,3
Cook Inlet,usgs_15258000,2014,1
Cook Inlet,usgs_15258000,2015,1
Cook Inlet,usgs_15258000,2016,1
Cook Inlet,usgs_15258000,2017,1
Cook Inlet,usgs_15258000,2018,1
Cook Inlet,usgs_15258000,2019,3
Cook Inlet,usgs_15258000,2020,1
Cook Inlet,usgs_15260001,2016,2
Cook Inlet,usgs_15260001,2018,3
Cook Inlet,usgs_15260001,2019,3
Cook Inlet,usgs_15261000,1999,1
Cook Inlet,usgs_15261000,2000,1
Cook Inlet,usgs_15261000,2001,1
Cook Inlet,usgs_15261000,2002,1
Cook Inlet,usgs_15261000,2003,1
Cook Inlet,usgs_15261000,2004,1
Cook Inlet,usgs_15261000,2005,1
Cook Inlet,usgs_15261000,2006,1
Cook Inlet,usgs_15261000,2007,1
Cook Inlet,usgs_15261000,2008,1
Cook Inlet,usgs_15261000,2009,1
Cook Inlet,usgs_15261000,2010,1
Cook Inlet,usgs_15261000,2011,1
Cook Inlet,usgs_15261000,2012,1
Cook Inlet,usgs_15261000,2013,1
Cook Inlet,usgs_15261000,2014,1
Cook Inlet,usgs_15261000,2015,3
Cook Inlet,usgs_15261000,2016,1
Cook Inlet,usgs_15261000,2017,1
Cook Inlet,usgs_15261000,2018,1
Cook Inlet,usgs_15261000,2019,1
Cook Inlet,usgs_15261000,2020,1
Cook Inlet,usgs_15266110,2000,1
Cook Inlet,usgs_15266110,2001,1
Cook Inlet,usgs_15266300,1999,2
Cook Inlet,usgs_15266300,2000,1
Cook Inlet,usgs_15266300,2001,1
Cook Inlet,usgs_15266300,2014,1
Cook Inlet,usgs_15266300,2015,2
Cook Inlet,usgs_15266300,2016,2
Cook Inlet,usgs_15266300,2017,1
Cook Inlet,usgs_15266300,2018,2
Cook Inlet,usgs_15266300,2019,3
Cook Inlet,usgs_15266300,2020,1
Cook Inlet,usgs_15272380,2003,6
Cook Inlet,usgs_15272380,2004,1
Cook Inlet,usgs_15272380,2006,1
Cook Inlet,usgs_15272380,2007,6
Cook Inlet,usgs_15272380,2008,1
Cook Inlet,usgs_15272380,2009,6
Cook Inlet,usgs_15272380,2010,1
Cook Inlet,usgs_15272380,2011,6
Cook Inlet,usgs_15274000,2000,1
Cook Inlet,usgs_15274000,2001,1
Cook Inlet,usgs_15276000,2015,1
Cook Inlet,usgs_15276000,2016,1
Cook Inlet,usgs_15276000,2017,1
Cook Inlet,usgs_15276000,2018,1
Cook Inlet,usgs_15276000,2019,2
Cook Inlet,usgs_15276000,2020,1
Cook Inlet,usgs_15280999,2019,6
Cook Inlet,usgs_15280999,2020,6
Cook Inlet,usgs_15283700,2011,1
Cook Inlet,usgs_15283700,2012,1
Cook Inlet,usgs_15283700,2013,1
Cook Inlet,usgs_15283700,2014,1
Cook Inlet,usgs_15283700,2015,1
Cook Inlet,usgs_15283700,2016,1
Cook Inlet,usgs_15283700,2017,1
Cook Inlet,usgs_15283700,2018,1
Cook Inlet,usgs_15283700,2019,2
Cook Inlet,usgs_15283700,2020,1
Cook Inlet,usgs_15284000,2015,6
Cook Inlet,usgs_15284000,2016,1
Cook Inlet,usgs_15284000,2017,2
Cook Inlet,usgs_15284000,2018,2
Cook Inlet,usgs_15284000,2019,2
Cook Inlet,usgs_15284000,2020,2
Cook Inlet,usgs_15285000,2010,1
Cook Inlet,usgs_15285000,2011,2
Cook Inlet,usgs_15285000,2012,2
Cook Inlet,usgs_15290000,2015,1
Cook Inlet,usgs_15290000,2016,1
Cook Inlet,usgs_15290000,2017,1
Cook Inlet,usgs_15290000,2018,1
Cook Inlet,usgs_15290000,2019,3
Cook Inlet,usgs_15290000,2020,1
Cook Inlet,usgs_15291000,1980,6
Cook Inlet,usgs_15291000,1981,6
Cook Inlet,usgs_15291000,1982,6
Cook Inlet,usgs_15291000,2012,6
Cook Inlet,usgs_15291000,2013,1
Cook Inlet,usgs_15291000,2014,6
Cook Inlet,usgs_15291700,2016,2
Cook Inlet,usgs_15292100,2012,1
Cook Inlet,usgs_15292100,2014,2
Cook Inlet,usgs_15292400,2012,6
Cook Inlet,usgs_15292400,2013,6
Cook Inlet,usgs_15292400,2014,6
Cook Inlet,usgs_15292400,2016,6
Cook Inlet,usgs_15292700,2012,1
Cook Inlet,usgs_15292700,2013,1
Cook Inlet,usgs_15292700,2014,2
Cook Inlet,usgs_15292700,2015,2
Cook Inlet,usgs_15292700,2016,2
Cook Inlet,usgs_15292700,2017,2
Cook Inlet,usgs_15292700,2018,2
Cook Inlet,usgs_15292700,2019,2
Cook Inlet,usgs_15292700,2020,2
Cook Inlet,usgs_15292780,1983,2
Cook Inlet,usgs_15292780,1984,2
Cook Inlet,usgs_15292780,1985,2
Cook Inlet,usgs_15292780,2012,2
Cook Inlet,usgs_15292780,2013,1
Cook Inlet,usgs_15292780,2014,2
Cook Inlet,usgs_15292780,2015,2
Cook Inlet,usgs_15292800,2011,2
Cook Inlet,usgs_15292800,2012,1
Cook Inlet,usgs_15292800,2013,3
Cook Inlet,usgs_15292800,2014,2
Cook Inlet,usgs_15292800,2015,4
Cook Inlet,usgs_15292800,2016,4
Cook Inlet,usgs_15292800,2017,2
Cook Inlet,usgs_15292800,2018,3
Cook Inlet,usgs_15293200,2013,2
Cook Inlet,usgs_15293200,2014,2
Cook Inlet,usgs_15293200,2015,3
Cook Inlet,usgs_15293200,2016,2
Cook Inlet,usgs_15293200,2017,2
Cook Inlet,usgs_15293200,2018,1
Cook Inlet,usgs_15294005,1983,1
Cook Inlet,usgs_15294005,1984,3
Cook Inlet,usgs_15294005,1987,1
Cook Inlet,usgs_15294005,1988,1
Cook Inlet,usgs_15294005,2015,3
Cook Inlet,usgs_15294005,2016,2
Cook Inlet,usgs_15294005,2017,1
Cook Inlet,usgs_15294005,2018,3
Cook Inlet,usgs_15294005,2019,3
Cook Inlet,usgs_15294005,2020,1
Cook Inlet,usgs_15294080,2017,4
Cook Inlet,usgs_15294080,2018,4
Cook Inlet,usgs_15294080,2019,5
Cook Inlet,usgs_15294080,2020,4
Cook Inlet,usgs_15294345,1981,2
Cook Inlet,usgs_15294345,1982,1
Cook Inlet,usgs_15294345,1984,2
Cook Inlet,usgs_15294345,1985,2
Cook Inlet,usgs_15294345,2013,2
Cook Inlet,usgs_15294345,2014,2
Cook Inlet,usgs_15294350,1980,2
Cook Inlet,usgs_15294350,1983,2
Cook Inlet,usgs_15294350,1984,2
Cook Inlet,usgs_15294350,1985,1
Cook Inlet,usgs_15294350,1986,2
Cook Inlet,usgs_15294350,2013,1
Cook Inlet,usgs_15294350,2014,2
Kodiak,usgs_15295700,1982,1
Kodiak,usgs_15295700,1984,1
Kodiak,usgs_15295700,1985,1
Kodiak,usgs_15295700,1986,1
Kodiak,usgs_15295700,1987,1
Kodiak,usgs_15295700,1988,1
Kodiak,usgs_15295700,1990,1
Kodiak,usgs_15295700,1991,1
Kodiak,usgs_15295700,1992,1
Kodiak,usgs_15295700,1993,1
Kodiak,usgs_15295700,1994,1
Kodiak,usgs_15295700,1995,1
Kodiak,usgs_15295700,1996,1
Kodiak,usgs_15295700,1997,1
Kodiak,usgs_15295700,1998,1
Kodiak,usgs_15295700,1999,1
Kodiak,usgs_15295700,2000,1
Kodiak,usgs_15295700,2001,1
Kodiak,usgs_15295700,2002,1
Kodiak,usgs_15295700,2003,1
Kodiak,usgs_15295700,2004,1
Kodiak,usgs_15295700,2005,1
Kodiak,usgs_15295700,2006,1
Kodiak,usgs_15295700,2007,1
Kodiak,usgs_15295700,2008,1
Kodiak,usgs_15295700,2009,1
Kodiak,usgs_15295700,2010,1
Kodiak,usgs_15295700,2011,1
Kodiak,usgs_15295700,2012,1
Kodiak,usgs_15295700,2013,1
Kodiak,usgs_15295700,2014,1
Kodiak,usgs_15295700,2015,2
Kodiak,usgs_15295700,2016,1
Kodiak,usgs_15295700,2017,1
Kodiak,usgs_15295700,2018,1
Kodiak,usgs_15295700,2019,3
Kodiak,usgs_15295700,2020,2
Kodiak,usgs_15297475,2018,2
Kodiak,usgs_15297475,2019,2
Kodiak,usgs_15297475,2020,2
Bristol Bay,usgs_15298040,2010,2
Bristol Bay,usgs_15298040,2011,2
Bristol Bay,usgs_15298040,2013,3
Bristol Bay,usgs_15298040,2014,2
Bristol Bay,usgs_15298040,2015,4
Bristol Bay,usgs_15298040,2016,4
Bristol Bay,usgs_15298040,2017,4
Bristol Bay,usgs_15300100,2006,3
Bristol Bay,usgs_15300100,2007,3
Bristol Bay,usgs_15300100,2008,3
Bristol Bay,usgs_15300100,2009,3
Bristol Bay,usgs_15300100,2010,3
Bristol Bay,usgs_15300100,2011,3
Bristol Bay,usgs_15300100,2012,3
Bristol Bay,usgs_15300100,2013,4
Bristol Bay,usgs_15300100,2014,4
Bristol Bay,usgs_15300100,2015,3
Bristol Bay,usgs_15300100,2016,4
Bristol Bay,usgs_15300250,2006,1
Bristol Bay,usgs_15300250,2007,1
Bristol Bay,usgs_15300250,2008,1
Bristol Bay,usgs_15300250,2010,6
Bristol Bay,usgs_15300250,2011,1
Bristol Bay,usgs_15300250,2012,1
Bristol Bay,usgs_15300250,2013,3
Bristol Bay,usgs_15300250,2014,1
Bristol Bay,usgs_15300250,2015,3
Bristol Bay,usgs_15300250,2016,2
Bristol Bay,usgs_15300270,2012,1
Bristol Bay,usgs_15300270,2013,3
Bristol Bay,usgs_15300300,2014,1
Bristol Bay,usgs_15300300,2015,1
Bristol Bay,usgs_15300300,2016,1
Bristol Bay,usgs_15300300,2017,1
Bristol Bay,usgs_15300300,2018,1
Bristol Bay,usgs_15300300,2019,1
Bristol Bay,usgs_15300300,2020,1
Bristol Bay,usgs_15300320,2011,1
Bristol Bay,usgs_15300320,2012,1
Bristol Bay,usgs_15300320,2013,3
Bristol Bay,usgs_15301500,2012,1
Bristol Bay,usgs_15301500,2013,3
Bristol Bay,usgs_15301500,2014,3
Bristol Bay,usgs_15302000,2014,3
Bristol Bay,usgs_15302000,2015,3
Bristol Bay,usgs_15302000,2016,4
Bristol Bay,usgs_15302000,2017,4
Bristol Bay,usgs_15302000,2018,3
Bristol Bay,usgs_15302000,2019,3
Bristol Bay,usgs_15302000,2020,3
Bristol Bay,usgs_15302200,2007,3
Bristol Bay,usgs_15302200,2008,1
Bristol Bay,usgs_15302200,2011,1
Bristol Bay,usgs_15302200,2012,1
Bristol Bay,usgs_15302200,2013,3
Bristol Bay,usgs_15302200,2014,3
Bristol Bay,usgs_15302200,2015,3
Bristol Bay,usgs_15302200,2018,1
Bristol Bay,usgs_15302200,2019,3
Bristol Bay,usgs_15302200,2020,3
Bristol Bay,usgs_15302250,2007,3
Bristol Bay,usgs_15302250,2008,3
Bristol Bay,usgs_15302250,2009,3
Bristol Bay,usgs_15302250,2010,3
Bristol Bay,usgs_15302250,2011,1
Bristol Bay,usgs_15302250,2012,1
Bristol Bay,usgs_15302250,2013,3
Bristol Bay,usgs_15302250,2014,2
Bristol Bay,usgs_15302250,2015,3
Bristol Bay,usgs_15302250,2018,3
Bristol Bay,usgs_15302250,2019,3
Bristol Bay,usgs_15302250,2020,3
Bristol Bay,usgs_15302300,2014,2
Bristol Bay,usgs_15302320,2014,2
Bristol Bay,usgs_15302812,2017,3
Bristol Bay,usgs_15302812,2018,2
Bristol Bay,usgs_15302812,2019,4
Bristol Bay,usgs_15302812,2020,2
Bristol Bay,uw_nerka allah creek,2011,1
Bristol Bay,uw_aleknagik bear creek,2011,6
Bristol Bay,uw_nerka beaver creek,2011,2
Bristol Bay,uw_nerka bug creek,2011,1
Bristol Bay,uw_little togiak c creek,2011,1
Bristol Bay,uw_aleknagik eagle creek,2011,1
Bristol Bay,uw_nerka fenno creek,2011,1
Bristol Bay,uw_aleknagik pfifer creek,2011,1
Bristol Bay,uw_aleknagik hansen creek,2011,1
Bristol Bay,uw_aleknagik happy creek,2011,1
Bristol Bay,uw_nerka hidden lake creek,2011,1
Bristol Bay,uw_aleknagik ice creek,2011,1
Bristol Bay,uw_nerka joe creek,2011,1
Bristol Bay,uw_nerka kema creek,2011,3
Bristol Bay,uw_nerka lynx creek cold tributary,2011,1
Bristol Bay,uw_aleknagik mission creek,2011,6
Bristol Bay,uw_nerka bear creek,2011,3
Bristol Bay,uw_nerka sam creek,2011,1
Bristol Bay,uw_nerka seventh creek,2011,1
Bristol Bay,uw_aleknagik silver salmon creek,2011,1
Bristol Bay,uw_nerka sixth creek,2011,1
Bristol Bay,uw_nerka stovall creek,2011,3
Bristol Bay,uw_aleknagik big whitefish creek,2011,3
Bristol Bay,uw_aleknagik yako creek,2011,6
Bristol Bay,uw_nerka allah creek,2012,1
Bristol Bay,uw_aleknagik bear creek,2012,6
Bristol Bay,uw_nerka beaver creek,2012,3
Bristol Bay,uw_nerka berm creek,2012,1
Bristol Bay,uw_little togiak c creek,2012,1
Bristol Bay,uw_nerka cabin creek,2012,1
Bristol Bay,uw_nerka cottonwood creek,2012,1
Bristol Bay,uw_aleknagik eagle creek,2012,6
Bristol Bay,uw_nerka fenno creek,2012,1
Bristol Bay,uw_aleknagik pfifer creek,2012,6
Bristol Bay,uw_aleknagik hansen creek,2012,6
Bristol Bay,uw_nerka hidden lake creek,2012,1
Bristol Bay,uw_aleknagik ice creek,2012,1
Bristol Bay,uw_nerka joe creek,2012,1
Bristol Bay,uw_kulik k-3 creek,2012,1
Bristol Bay,uw_nerka lynx creek,2012,3
Bristol Bay,uw_nerka lynx creek cold tributary,2012,1
Bristol Bay,uw_aleknagik mission creek,2012,6
Bristol Bay,uw_nerka bear creek,2012,3
Bristol Bay,uw_nerka pick creek,2012,1
Bristol Bay,uw_nerka pike creek,2012,3
Bristol Bay,uw_nerka rainbow creek,2012,1
Bristol Bay,uw_nerka sam creek,2012,1
Bristol Bay,uw_nerka seventh creek,2012,6
Bristol Bay,uw_aleknagik silver salmon creek,2012,3
Bristol Bay,uw_nerka sixth creek,2012,1
Bristol Bay,uw_nerka stovall creek,2012,2
Bristol Bay,uw_nerka teal creek,2012,2
Bristol Bay,uw_aleknagik big whitefish creek,2012,2
Bristol Bay,uw_aleknagik yako creek,2012,6
Bristol Bay,uw_aleknagik bear creek,2013,1
Bristol Bay,uw_nerka berm creek,2013,1
Bristol Bay,uw_nerka elva creek,2013,3
Bristol Bay,uw_aleknagik hansen creek,2013,1
Bristol Bay,uw_nerka hidden lake creek,2013,3
Bristol Bay,uw_beverley hope creek,2013,3
Bristol Bay,uw_nerka joe creek,2013,1
Bristol Bay,uw_kulik k-3 creek,2013,1
Bristol Bay,uw_nerka kema creek,2013,3
Bristol Bay,uw_nerka lynx creek,2013,3
Bristol Bay,uw_beverley moose creek,2013,3
Bristol Bay,uw_nerka pick creek,2013,1
Bristol Bay,uw_nerka sam creek,2013,1
Bristol Bay,uw_nerka seventh creek,2013,1
Bristol Bay,uw_beverley silverhorn creek,2013,1
Bristol Bay,uw_nerka stovall creek,2013,3
Bristol Bay,uw_nerka teal creek,2013,3
Bristol Bay,uw_beverley uno creek,2013,1
Bristol Bay,uw_aleknagik big whitefish creek,2013,3
Bristol Bay,uw_nerka allah creek,2014,1
Bristol Bay,uw_aleknagik bear creek,2014,1
Bristol Bay,uw_nerka berm creek,2014,3
Bristol Bay,uw_little togiak c creek,2014,1
Bristol Bay,uw_nerka cabin creek,2014,1
Bristol Bay,uw_nerka cottonwood creek,2014,1
Bristol Bay,uw_aleknagik eagle creek,2014,3
Bristol Bay,uw_nerka elva creek,2014,2
Bristol Bay,uw_aleknagik hansen creek,2014,1
Bristol Bay,uw_nerka kema creek,2014,2
Bristol Bay,uw_nerka lynx creek,2014,4
Bristol Bay,uw_nerka bear creek,2014,3
Bristol Bay,uw_nerka pick creek,2014,1
Bristol Bay,uw_nerka rainbow creek,2014,1
Bristol Bay,uw_nerka sam creek,2014,1
Bristol Bay,uw_nerka stovall creek,2014,3
Bristol Bay,uw_nerka teal creek,2014,1
Bristol Bay,uw_nerka allah creek,2015,1
Bristol Bay,uw_aleknagik bear creek,2015,1
Bristol Bay,uw_nerka berm creek,2015,1
Bristol Bay,uw_little togiak c creek,2015,1
Bristol Bay,uw_aleknagik happy creek,2015,6
Bristol Bay,uw_nerka hidden lake creek,2015,3
Bristol Bay,uw_nerka joe creek,2015,1
Bristol Bay,uw_nerka lynx creek,2015,4
Bristol Bay,uw_beverley moose creek,2015,4
Bristol Bay,uw_nerka bear creek,2015,3
Bristol Bay,uw_nerka pick creek,2015,3
Bristol Bay,uw_nerka sam creek,2015,2
Bristol Bay,uw_nerka seventh creek,2015,1
Bristol Bay,uw_aleknagik silver salmon creek,2015,3
Bristol Bay,uw_aleknagik big whitefish creek,2015,3
Bristol Bay,uw_aleknagik yako creek,2015,2
Bristol Bay,uw_nerka allah creek,2016,1
Bristol Bay,uw_aleknagik bear creek,2016,1
Bristol Bay,uw_nerka berm creek,2016,3
Bristol Bay,uw_little togiak c creek,2016,1
Bristol Bay,uw_nerka cabin creek,2016,1
Bristol Bay,uw_nerka cottonwood creek,2016,1
Bristol Bay,uw_aleknagik eagle creek,2016,1
Bristol Bay,uw_nerka elva creek,2016,4
Bristol Bay,uw_nerka fenno creek,2016,3
Bristol Bay,uw_aleknagik pfifer creek,2016,1
Bristol Bay,uw_aleknagik hansen creek,2016,3
Bristol Bay,uw_nerka hidden lake creek,2016,4
Bristol Bay,uw_beverley hope creek,2016,4
Bristol Bay,uw_nerka joe creek,2016,1
Bristol Bay,uw_nerka kema creek,2016,4
Bristol Bay,uw_kulik kulik creek,2016,1
Bristol Bay,uw_little togiak creek,2016,1
Bristol Bay,uw_nerka lynx creek,2016,4
Bristol Bay,uw_nerka lynx creek cold tributary,2016,1
Bristol Bay,uw_beverley moose creek,2016,4
Bristol Bay,uw_nerka n4 creek,2016,1
Bristol Bay,uw_nerka bear creek,2016,4
Bristol Bay,uw_nerka pick creek,2016,1
Bristol Bay,uw_nerka rainbow creek,2016,1
Bristol Bay,uw_nerka sam creek,2016,2
Bristol Bay,uw_aleknagik silver salmon creek,2016,4
Bristol Bay,uw_aleknagik squaw creek,2016,2
Bristol Bay,uw_nerka stovall creek,2016,4
Bristol Bay,uw_nerka teal creek,2016,3
Bristol Bay,uw_beverley uno creek,2016,1
Bristol Bay,uw_aleknagik big whitefish creek,2016,4
Bristol Bay,uw_aleknagik yako creek,2016,1
Bristol Bay,uw_aleknagik youth creek,2016,3
